{ 
    "header":{ 
       "id":"1",
       "prepared":"2019-12-15T18:20:01.4106007Z",
       "sender":{ 
          "id": "Truth101",
          "name": "truth101"
       },
       "links":[]
    },
    "dataSets":[ 
       { 
          "action":"Information",
          "observations":{ 
             "0:0:0:0:0:0":[ 
                4.78472728036334,
                0,
                null
             ],
             "0:1:0:0:0:0":[ 
                4.38126636919756,
                0,
                null
             ],
             "0:2:0:0:0:0":[ 
                4.24145566576098,
                0,
                null
             ],
             "0:3:0:0:0:0":[ 
                5.56485840003701,
                0,
                null
             ],
             "1:0:0:0:0:0":[ 
                5.24279639099945,
                0,
                null
             ],
             "1:1:0:0:0:0":[ 
                4.85786374840516,
                0,
                null
             ],
             "1:2:0:0:0:0":[ 
                4.1281241244647,
                0,
                null
             ],
             "1:3:0:0:0:0":[ 
                5.30135473330061,
                0,
                null
             ],
             "2:0:0:0:0:0":[ 
                8.24588001798317,
                0,
                null
             ],
             "2:1:0:0:0:0":[ 
                7.45793366223085,
                0,
                null
             ],
             "2:2:0:0:0:0":[ 
                6.97559611306659,
                0,
                null
             ],
             "2:3:0:0:0:0":[ 
                7.90756836229917,
                0,
                null
             ],
             "3:0:0:0:0:0":[ 
                6.30971428841705,
                0,
                null
             ],
             "3:1:0:0:0:0":[ 
                6.02703341843035,
                0,
                null
             ],
             "3:2:0:0:0:0":[ 
                6.12310211900082,
                0,
                null
             ],
             "3:3:0:0:0:0":[ 
                8.33324212164866,
                0,
                null
             ],
             "4:0:0:0:0:0":[ 
                7.13763655947069,
                0,
                null
             ],
             "4:1:0:0:0:0":[ 
                5.31582769449775,
                0,
                null
             ],
             "4:2:0:0:0:0":[ 
                4.39552039139242,
                0,
                null
             ],
             "4:3:0:0:0:0":[ 
                6.6620801039335,
                0,
                null
             ],
             "5:0:0:0:0:0":[ 
                3.89701269441578,
                0,
                null
             ],
             "5:1:0:0:0:0":[ 
                3.8009828581343,
                0,
                null
             ],
             "5:2:0:0:0:0":[ 
                3.43371007476131,
                0,
                null
             ],
             "5:3:0:0:0:0":[ 
                6.00730697088371,
                0,
                null
             ],
             "6:0:0:0:0:0":[ 
                7.63758891800824,
                0,
                null
             ],
             "6:1:0:0:0:0":[ 
                6.82745825602968,
                0,
                null
             ],
             "6:2:0:0:0:0":[ 
                6.34396773010634,
                0,
                null
             ],
             "6:3:0:0:0:0":[ 
                8.22222222222222,
                0,
                null
             ]
          }
       }
    ],
    "structure":{ 
       "dimensions":{ 
          "observation":[ 
             { 
                "keyPosition":0,
                "id":"COUNTRY",
                "name":"Country",
                "values":[ 
                   { 
                      "id":"AUS",
                      "name":"Australia"
                   },
                   { 
                      "id":"AUT",
                      "name":"Austria"
                   },
                   { 
                      "id":"BEL",
                      "name":"Belgium"
                   },
                   { 
                      "id":"CAN",
                      "name":"Canada"
                   },
                   { 
                      "id":"CZE",
                      "name":"Czech Republic"
                   },
                   { 
                      "id":"DNK",
                      "name":"Denmark"
                   }
                ]
             },
             { 
                "id":"TIME_PERIOD",
                "name":"Time",
                "values":[ 
                   { 
                      "id":"2006",
                      "name":"2006"
                   },
                   { 
                      "id":"2007",
                      "name":"2007"
                   },
                   { 
                      "id":"2008",
                      "name":"2008"
                   },
                   { 
                      "id":"2009",
                      "name":"2009"
                   }
                ],
                "role":"TIME_PERIOD"
             },
             { 
                "keyPosition": 1,
                "id":"SEX",
                "name":"Sex",
                "values":[ 
                   { 
                      "id":"MW",
                      "name":"All persons"
                   }
                ]
             },
             { 
                "keyPosition": 2,
                "id":"AGE",
                "name":"Age",
                "values":[ 
                   { 
                      "id":"900000",
                      "name":"Total"
                   }
                ]
             },
             { 
                "keyPosition":3,
                "id":"SERIES",
                "name":"Series",
                "values":[ 
                   { 
                      "id":"UR",
                      "name":"Unemployment rate"
                   }
                ]
             },
             { 
                "keyPosition":4,
                "id":"FREQ",
                "name":"Frequency",
                "values":[ 
                   { 
                      "id":"A",
                      "name":"Annual"
                   }
                ]
             }
          ]
       },
       "attributes":{ 
          "dataSet":[ 
             { 
                "id":"UNIT",
                "name":"Unit",
                "values":[ 
                   { 
                      "id":"PC",
                      "name":"Percentage"
                   }
                ],
                "role":"UNIT_MEASURE"
             },
             { 
                "id":"POWERCODE",
                "name":"Unit multiplier",
                "values":[ 
                   { 
                      "id":"0",
                      "name":"Units"
                   }
                ],
                "role":"UNIT_MULT"
             },
             { 
                "id":"REFERENCEPERIOD",
                "name":"Reference period",
                "values":[ 
 
                ],
                "role":"BASE_PER"
             }
          ],
          "series":[ 
 
          ],
          "observation":[ 
             { 
                "id":"TIME_FORMAT",
                "name":"Time Format",
                "values":[ 
                   { 
                      "id":"P1Y",
                      "name":"Annual"
                   }
                ]
             },
             { 
                "id":"OBS_STATUS",
                "name":"Observation Status",
                "values":[ 
 
                ]
             }
          ]
       }
    }
 }